id	tweet
15923	#WhoIsQ #WheresTheServer #DumpNike #DECLASFISA Democrats Support Antifa, Muslim Brotherhood, MS13, ISIS, Pedophilia, Child Trafficking, Taxpayer Funded Abortion‚Äôs, Election Fraud, Sedition And Treason!!! #LockThemAllUp #WWG1WGA #QAnon ‚Å¶@USER URL
27014	#ConstitutionDay is revered by Conservatives, hated by Progressives/Socialist/Democrats that want to change it.
30530	#FOXNews #NRA #MAGA #POTUS #TRUMP #2ndAmendment #RNC #USMC #veterans @USER    @USER @USER @USER @USER   #fakereporting #THESWAMP #dnc #liberals @USER @USER #fakeoutrage @USER  First, it reduces the ca URL
13876	#Watching #Boomer getting the news that she is still up for parole always makes me smile. #Wentworth Finale...@USER is such a treasure. URL
60133	#NoPasaran: Unity demo to oppose the far-right in #London ‚Äì #antifa #Oct13 ‚Äî Enough is Enough! URL
83681	. . . What the fuck did he do this time?
96874	#RAP is a form of ART! Used to express yourself freely. It does not gv the green light or excuse the behavior of acting like an animal! She is not in the streets of the BX where violence is a way of living. Elevate yourself boo and get on @USER level for longevity! #QUEENüëë
65507	@USER Do you get the feeling he is kissing @USER behind so he can humiliate him later?
78910	5 Tips to Enhance Audience Connection on Facebook URL @USER #socialmedia #smm URL
46363	#BiggBossTamil janani won the task. She is going to first final listüëèüëèüëèüëè
68123	#Conservatives - the party of low taxation üòÇ #Tories #Tory URL
22452	ùìí-ùìíùìÆùì≠ùìªùì™ùì∑..  The Nord cannot make a single move, but he is fully aware of what is happening. A chill comes down his spine as a ghostly, rather. . . calm female voice called for him from a corner of the room.  Before he even has time to /attempt/ a response, +
15565	#ConsTOO THE PLACE FOR FED UP CONSERVATIVES !!!
64376	#GreatAwakening #QAnon #PatriotsUnited #WWG1WGA #AreYouAwake  WHEN YOU ARE AWAKE YOU SEE CLEARLY ‚ù§Ô∏èüß°üíõüíö  Check out this video URL URL
12588	@USER Nigga ware da hits at
34263	#StopKavanaugh he is liar like the rest of the #GOP URL
65773	#Dayspromo week of September 17th #days #dool  A coma does things to a gal . Sami: You are going to be ok. Hattie: No thanks to you.  Get her out of here. Before she finishes me off.  Hattie pretends to be Marlena.  The look on Kayla face is priceless. URL
95457	#BiggBossTelugu2 Let‚Äôs all include @USER in all our tweets...he is the business head of Star Maa network..don‚Äôt know if he knows about biggboss team and host hurting audience emotions  #BiggBossTelugu2
24930	"#Dallas#Policewoman kills neighbor in HIS own apartment? WHAT went wrong?? See:Officer who shot man in his own apartment was involved in 2017 shooting of a suspect. ‚ÄúShe is devastated,said a Dallas police officer, adds she is ""so so sorry for his family?"" URL"
15938	Always smack URL
45712	#BREAKING: After a week-long trial, a Linn County jury convicted Gregory Davis of First-Degree Murder in connection with the Carrie Davis homicide that took place almost a year ago. URL URL
70840	#Kavanaugh so a wild claim from 36 years ago of groping has evolved into A Rape A Violent Sexual Event by Move URL a Soros based Org. that supports BLM Antifa etc. Unbeievable!
53563	#kznlt Enjouji really is the prototype of my character brand, he is nothing but things that I love all rolled into one horrible package and fed directly into baby me's subconscious.
59432	#SilsilaBadallteRishtonKa tag is filled with appreciation of @USER only....   Never watched this serial but I always wanted appreciation for Aditi... She is underrated since starting of the show... She is worth of all this appreciation.. üëèüëèüëè
21454	#Beto #BetoForSenate #BetoORourke #BetoforTX  Willie Nelson laughs at conservatives who are upset with him. URL
83155	#HIAC  Damn Matt Hardy and Randy Orton put on one hell in a cell match!! Woooo!!! I hope he is okay!!
69576	@USER School shootings aren't controversial. Wanting gun control is.
49139	"@USER @USER Put DeLauro in a police lineup identifying the bag lady"" - she would be picked everytime! She has to be proof either Conn voters are incompetent to vote or she is part of a vast voter fraud conspiracy! No one votes for a woman that gross!"""
76669	@USER *coffee spit* Spartacus moment?  He never saw the film...
58995	@ ALL FAMILY/FRIENDS , do not tell me  bad shit that your bf/gf did to you just to go right back to them!!!
88490	#ChristineBlaseyFord is your #Kavanaugh accuser... #Liberals try this EVERY time... #ConfirmJudgeKavanaugh URL
77101	@USER 'Fellow Democrats don't want @USER ü¶Öüá∫üá∏ @USER to do well.. it's not about what's best for America. It's purely politics' - Dov Hikind, Democratic NY Assemblyman URL
86917	#osho #quotes via @USER Listen to your being. It is continuously giving you hints. It is a still, small voice. It does not shout at you, that is true. And if you are a little silent you will start feeling your way. Be the person you are. Never try‚Ä¶ URL URL
78472	#YYC @USER  looking hockey players of all ages/abilities for our Humboldt Tribute game Sunday 9/16. Arrive 2pm, dress, participate in our opening ceremony. Contact lindsay.clothier@USER if you are interested! #WePlayForThem #HumboldtStrong #HockeyIsFamily #GoNucks
17798	#Conservatives #Brexit putting #Britain last.  Sending a chill down the spine of the #UK.
71873	#Gamers go follow @USER on #Twitter and #twitch He is playing with @USER on #BlackOps4 #Blackout Please help and support them both on Twitter and twitch. Remember all #SupportForSupport and #SupportAllStreamers URL
30247	#QuickTip: Find people already working in a company, or within the industry that you are interested in.  We know a lot of people! Send us your resume to info@USER or message us RIGHT NOW URL URL
81150	#LiberalLogic If #Liberals get their way..... URL
46444	#ArianaAsesina? Is that serious?! Holy shit, please your fucking assholes, don't blame someone for the death of other one. She is sad enough for today, don't you see? It isn't fault of none, he had an overdose and died. End. Stop wanting someone to blame, fuckers.
60587	@USER How is she hiding her ugly personality. She is the worst.
70569	......bitch what URL
59200	"#Georgetown Classmate Says #Left Accuser is Absolutely NUTS""  URL ""Judge Kavanaugh""@USER @USER @USER #ABC #CBS #Democrats #Liberals #women #MondayMotivation #MondayMorning #veterans #law #MAGA #GOP #CNN #MSNBC #NBC #Moms #BlackWomen #BET"""
30900	@USER @USER @USER Are you referring to how they lollygag with gun control as their kids get slaughtered in schools?
44546	@USER @USER @USER @USER @USER @USER @USER @USER @USER I‚Äôm shocked to learn human traffickers had guns.  Some probably illegal too.  CA needs more gun control.  But don‚Äôt worry about the actual crime.  The pic of black guns is worse.
53982	#WELOVESEUNGCHEOL @USER   I am happy and proud of the work you have done to train seventeen along with the other members. I see you and you are wonderful and incredible. I really love u „Ö†„Ö† üíï. URL
37884	#Chequers is a violation of democracy !!  #StandUp4Brexit  @USER @USER @USER  The will of the people must be respected URL
15079	#Sessions Tells #Chicago: ‚ÄúIf You Want More #Shootings, More #Death, Listen To #ACLU, #Antifa, #BlackLivesMatter‚Äù URL
51628	#Conservatives @USER - You're  a clown!  URL
30899	*voice in my head while I transfer money to my credit card* ‚Äúbullshit that I bought and have to pay for‚Äù
99680	Levi Strauss has ‚Äúnever been afraid to take an unpopular stand to support a greater good.‚Äù '  What about when they shut down all manufacturing in America?  That wasn't even a news story when it happened. Maybe they're right; it wasn't unpopular.  URL
38628	@USER $500,000 for her wedding. Clinton's always know what's best.
40110	#Kids Beating #Paraplegic #Trump #Boy!  #Left Teach Their #Children Hate Violence!  #schools #teachers #Democrats #Liberals #WalkAway #Moms #Mother #NEA #teachthemyoung #Christian #Catholic #Jews #Evangelicals #family #BlackWomen #BlackTwitter #Blacks #News #Media #Disabled #MAGA URL
50310	0-9 : B-1, J-1, R-1, B-2, Q-2, B-3, BX-3, B-4, RB-4, Z-4, B-5, Q-5, B-6, H-6, B-7, H-7, UT-7, B-8 (20:59:36)
84101	#AskAlly I only say that I adore you and you are a great person, please take care of yourself always‚ù§Ô∏è
84876	"#DOJ employee resisters"" r looking up conservatives‚Äô license plates, home addresses, legal details in LexisNexis 2give to Dem Socialists/Antifa-project Veritas.But don't worry, no govt in history has ever made political opponent lists and oppressed themüôÑ URL"
57425	#Kelly McParland: Latest floor-crosser is telling truths the Liberals don‚Äôt like hearing - URL URL
83262	#GreatAwakening #QAnon #PatriotsUnited #WWG1WGA #AreYouAwake  WHEN YOU ARE AWAKE YOU SEE CLEARLY ‚ù§Ô∏èüß°üíõüíö  Check out this video URL URL
46777	#BoycottLevis Since the late 1990s, Levi‚Äôs has used its name and resources to attack gun rights. In 1999, the company gave $100,000 to gun control group PAX, followed by a $250,000 donation in 2000 and another $100,000 in 2001. URL
54053	Are you fucking serious?   URL
15998	*gets all the bitches*
62945	@USER @USER @USER I got in a pretty deep debate with my friend and she told me that latinos for Trump and blacks for Trump were paid supporters üòÇ then I said you mean antifa are paid domestic terrorist and she said No they are  anti-fascist then I said they are the fascist are you kidding me?!
96457	#Antifa: Take note of how to protest with civility.   This is why socialism (aka communism) will never win. It is inherently evil and unsustainable. URL
85977	#gmm #roastmycat hi @USER  this is Fiona. She is about 10 weeks old. She falls asleep in weird places URL
70841	@USER omg is he for real ?!?!!??????) this happened in peru like 40 years ago and the Inti devaluated so fucking much that they had to comoletely change the coin system because our money was worthless i-
46139	#Conservatism101   It's not about our disagreements with #Conservatives. Its that Conservatives can't debate honestly, and they have no integrity. Whatever gets them thru today, is all that matters to them. They're fundamentally dishonest people. URL
99009	#Halloween Sign If You Are Reading This #CreepingUp Behind You Wood Wall Decoration #tmtinsta #cwsigns  URL via @USER
66388	#huniachiweek No matter what you are going through today or in the past few days, your situation is never permanent. God is going to change your life for good. Trust and Believe that He is able to. Please, Read... URL
91217	@USER My only point of contention is this.  He decided to keep this group which has top end talent and also decided to hire hot trash Mike McCoy. Wilks hasn't even been able to get his defense to line up correctly. He is in over his head.
91994	And yet everyone seems to lack it URL
58751	#MAGA   Expect more censorship URL
80947	And apparently I'm committed to going to a new level since I used the key.  Well FUCK.  Curiosity killed the Cat(hy)
99253	#NE need to check out a dentist and find out if she is has a perfect work record? What about a child care facility? Now you can check online for all kinds of licensed professionals and it's free @ URL
40386	@USER @USER @USER @USER Then why aren‚Äôt there so many shootings in Virginia?  Jacksonville shooter got his guns IN MARYLAND!! Among the poster children for gun control!  What good did that do?!  You‚Äôre full of crap.
58742	#Amnesty_International: US is in violation of international human rights law by not passing stronger #gun_control URL via @USER URL
39752	@USER Well she is Chuck Schumer's cousin or niece or something so she is obviously part of the DNC conspiracy against Nixon. Or part of the Deep State. Or a Zionist plot. Or 'Big comedy'. Or whatever the hell today's conspiracy theory is.
25262	#GodsPraiseroom God keeps you even in the storms that may rock your boat - Let's all submit to His will after all he is the only one who really knows the end from the beginning URL
17703	#Spaldo is my guy.  He is my godson
98916	#ANTIFA are bedfellows with The Democratic Socialists of America (DSA) who #JamesOKeefe has exposed as being inserted throughout government, attempting to bring down #America  #Trump #MAGAüá∫üá∏ #DeepState  URL
18709	#CNN ruthlessly continues #Fakenews onslot. Where's the honest analysis? Right here!  URL #tcot #CNN #NRA #massshooting #CNNISFAKENEWS #Conservatives #FakeNewsMedia #FakeNews #PBA #FakeNewsCNN
26026	#Brexit Barometer: Labour fails to capitalise as Conservatives fail to please; Kantar: nearly two thirds of the UK believe the government is handling Brexit negotations poorly.  URL
32190	@USER Antifa has TS level influence. It's scary.
27550	@USER I have three accounts. Two quasi-anonymous, and one completely anon. And if twitter ever bans one of the quasi-anon, I'll make two anon accounts and tweet the most insane shit. I will drown twitter in bullshit. If one of those is banned, I'll make even more.
68539	#MAGA Alert : Joe Biden on #Trump Supporters: 'The Dregs Of Society' (VIDEO) URL via @USER
93643	$CERC is now Boyd's #1 stock. And he is the sole holder of the stock among hedge funds we track. URL
99120	"@USER @USER @USER @USER @USER @USER @USER @USER @USER @USER @USER @USER @USER @USER City of Chicago, Democrat run with some of the strictest gun control in the nation.""  üòÇ What's your point, #NotThatBright? URL"
24040	#Liberals are so pathetic!  INNOCENT UNTIL PROVEN GUILTY mean much?  #Democrats should look at their own party if they need a rapist to hang!  #KavanaughIsInnocent #WalkAwayFromDemocrats. #LiberalLies are straight from the Pitts of HELL üî• URL
85436	#Trump may be many things, but he is entertaining!!!! Thanks #twitter URL
73516	$10 Million reallocated from FEMA to ICE. This guy gives zero shits about anyone not named Trump. If you‚Äôre in the mid Atlantic, get out. Now. URL
88905	#FortniteBattleRoyale #XboxShare @USER   Please ban this cheating scum.  he is literally invisible URL
52955	#I once read about the man who invented bulbs, he saw failure differently, it was 5000 new wayz of doing it differently..Now he is a genius#
33452	#2AUnfettered Repeal all gun control laws. If the government can use it then the people should be able to as well. URL
13276	.. Good thing it was responsible US Marines..  I‚Äôm pretty sure a group of Antifa members wouldn‚Äôt be running that fast in that direction to help anyone let alone elder seniors..  Thank you @USER ..  We salute You‚ùóÔ∏è  @USER @USER  @USER URL
26462	#FordTheatre  Right on Cue, a GoFundMe acct has been set up for this person, the new #Liberals  mode of bribery and payoffs! @USER  Really should  investigate these GoFundMe as a  New outlet for  slush funds! #Comey, #McCabe, #Strzok
94339	#Christian If Twitter and Facebook can silence conservatives, Christians we are next. Once censored, the darkness takes over. Help us grow in by living your faith aloud. Where we go one we go all. Prayer warriors, please help us grow this movement. URL
23786	6ix9ine aus den speakern, fick deine political correctness
27371	#fall #fashion #trending #coats #colors URL We have What You are looking for! #airdrie #calgary #lethbridge #toronto #vancouver #princegeorge URL
88670	#republicans put WALLin budget..you are going to loose Pres.Trump followers. He is why U R there, so support him URL
54391	#gmm #roastmycat hi @USER  this is Fiona. She is about 10 weeks old. She falls asleep in weird places URL
42112	#SesameStreet #BertandErnie the conversation about this is so unattractive. The creator says he didn't create a character gay and he is being attacked.
37740	#SerenaWilliams is so full of herself...she is just as painful to watch as to listen to...
72405	#ColinKapernaeck has done nothing but sit on his ass and complain. It‚Äôs time black people and die hard white liberals, who think they are down with the cause aka @USER to wake the heck up or STFU! Colin is not a Civil Rights hero or martyr. No where near it.
20780	#DanganronpaV3 ... here he is, claiming to be the mastermind, yet I still don‚Äôt believe him. I don‚Äôt think he‚Äôs the mastermind. There is evidence that suggests he is, but then there‚Äôs evidence that suggests he‚Äôs not...
38820	#MonbebeSelcaDay she is beautiful URL
82913	#LockHimUpNow #MAGA #QAnon @USER best President ever URL
97383	@USER #GoodbyeNFL üëã It was great before your players became Marxists! I‚Äôll keep nixing any sports league that displays such support of the BS ‚Äòoppression‚Äô narrative. #GoodbyeNIKE
21397	#Liberals #Left #Democrats #Resist #Resistance #Antifa #BlueWave #BlueWave2018 It's üëå to #WalkAway üëçüòÜ üá∫üá∏ üá∫üá∏ üá∫üá∏ #MAGA üá∫üá∏ üá∫üá∏ üá∫üá∏   URL
51738	#EmailMarketing #sales I will teach you how to create your own exclusive, online 'traffic economy' so you are never short of leads and sales again URL URL
47445	. JEFF SESSIONS: ‚ÄòLISTEN TO THE ACLU, ANTIFA, BLACK LIVES MATTER‚Äô IF YOU WANT MORE CHICAGO SHOOTINGS  . URL
27158	Amazon will ship live Christmas trees to your door ‚Äî but will they stay and put on the damn lights? URL
26382	@USER How sweet! Congratulations. Once he is house broken it will get better
17183	@USER I BET she is a lot safer when she has sex now tho ? Or she wouldn‚Äôt have just one but a few kids . Why cant moms get dicked down too ?
10595	#i2 This speaks for itself (NSFW) URL
49481	#JameyComey has been so silent these last few weeks, because he knows he's going to be indicted. 13:35  #FBI #DOJ  #Strzok #Page #TextMessages  #QAnon  #PatriotsFight  ty .@USER  #MAGA  URL
37949	#SupernaturalTNT #TheManWhoWouldBeKing OMG!  @USER You are amazing! @USER Crowley and Cas are always great together and I miss it!
96729	*Available for Adoption* Lincoln County, NC Roger #A001257 SEX: MALE/NEUTERED  AGE: 13 weeks old INTAKE: 08/28/18 URL
42325	#Conservatives Govt ' @USER made my life hell': whistleblowers say they were threatened by regulator; I thought this Govt promised to protect whistleblowers?  URL
21748	Apple live keynote #AppleEvents   URL
24316	@USER #Zuckerberg lies.
19516	#lilduval ‚ÄúWhen you know u ain‚Äôt going to work tomorrow‚Äù #HappyFriday #SmileBitch #LivingMyBestLife‚ù§ #HittemWithDaShoulders URL
79383	#AntifaHorst - whuuuuut?! üòÇ  #antifa #maassen #seehofer URL
64857	#NoteToMyStalker n his empire: Trust me, if my penance of a life n career are true, Nature will leave no stone unturned in getting you.  You will be left with nothing.  Every one of you.  No matter how powerful you are.
89936	#FreeLeahShaibu  Negotiate her release! She is someone's daughter! ! @USER @USER
90362	#SerenaWilliams Serena was caught cheating with her coach but because it's collaborative she thinks she is not a thief. In her mind the real thief is the umpire who spotted what was going on and called it out. It's like a couple of bank robbers blaming a guard for calling police
75620	#Antifa ........  Retweet if you can‚Äôt stop watching this...   URL
24907	#100NotOut Thank You for following!!  üî∑ #Leicester üîπ@USER #VoteForChange #LocalElections2019 üîπ #VoteTory #VoteConservative üî∑ #CutCrime #CutRedTape #CutTaxes #CutGrass üá¨üáß#BetterServicesLowerTaxes üá¨üáßüîµ
26259	#ThingsYouShouldNeverAssume when someone says she/he is okay or smile, maybe he/she doesn't wanna worry you.
76095	#Repost @USER with get_repost „Éª„Éª„Éª Those who love you are not fooled by mistakes you have made, or by dark images you hold about yourself. They remember your beauty when you feel‚Ä¶ URL
11557	#1 Nick Gehlfuss stan just watched Friends! and she is not going to stop #tvtime URL
51963	#SEO #Tips: You are the master of your own fate online, so be wise and don't expect pity. If you screw up, nobody else is to blame.
15180	#FortniteBattleRoyale #XboxShare @USER   Please ban this cheating scum.  he is literally invisible URL
58026	#MAGA #Qanon #GreatAwakening #inners #WWG1WGA #NowComesThePain #WalkAway #GoodbyeDemocrats   Ellison Accuser Says She's Been Sidelined By Her Own Party URL
26432	#Truth I will show you how to build your own personal, online 'traffic economy' so you are never in short supply of qualified prospects and sales again URL URL
76565	@USER Gun control? I'm wondering who was in control of all those bodies that got suicided because of you. You need to be controlled.  24/7/365 #GITMO THE PAIN IS COMING. #MAGA #QAnon #Benghazi  Hope they televise your demise.
91588	#Antifa has a new cause URL
58033	#Balkan Conservatives Unite at #Family Congress in #Moldova URL
81352	#BoycottNFL .@USER You are dead to me. @USER @USER URL
33133	@USER #WalkAwayFromAllDemocrats  Michelle was there 8 years and we sure don't need any more bad advice from her now. We have a new Sheriff in Town, who's  #MAGA.  Get out and VOTE - ALL COLORS, ALL GENDERS (AKA) ALL AMERICANS!!! URL
96661	#ConstitutionDay Enforce U.S #Immigration laws Not One Set of laws for Illegal Aliens and one Set of laws for Citizens !  #Trump #MAGA #RedNationRising  #NoDACA URL
91036	#BlaseyFord It‚Äôs so comical that liberals always want it both ways first women need to be treated as equals but when it comes to Ford testifying they say it‚Äôs unfair to have more men asking her questions. Which is it Dems are women equal or should we receive special treatment?
56581	#2A GUN CONTROL KILLS PEOPLE, THIS IS WHY WE NEED CONCEALED CARRY URL
22882	#Ted always has a feel for the most appropriate public behavior. But, often, he is unable to control himself. #GOPDysfunction URL
66377	#FollowTheWhiteRabbit #QAnon #GreatAwakening #SpyGate #WalkAway QAnon #QArmy #MAGA #Google #MAGA Poland #FISADeclassification #DearProfessorFord URL  Dem US Senator Corey Booker molesting a 15 year old in the 80's surfaces URL
40842	@USER  Stick to Comedy ... You weren't that funny yo start with, but that political commentary of yours is pathetic !!!
73612	@USER #Holder needed to be impeached
45709	#WeAreBRONCOS This little guy loves the Broncos!!!! He is one of their biggest fan!!! #beon9 @USER URL
21338	#BBCNews - Cleverly: There have been no cuts to the #NHS James Cleverly on #Conservatives and coalition health spending URL
15630	2011 me was cute as hell and I love that 2015 me looks like an Antifa protestor (when really I was freezing cold in the Hunter). And I need to dye my hair again OMG I loved being a redhead. URL
15815	#BelieveAllWomen just when I think things can't get dumber.. this happens.. liberals probably don't realize this because they are children but this isn't equality. How about we treat women an men the same.. pretty sure that'll have better results for culture
53858	"#Today The two most important days in your life are the day you are born and the day you find out why."" Mark Twain"""
89606	#TheLadyBam has spoken! ‚ù§ She is simply the BEST! üôèüèº #SpreadMaryLove üë†üíÉ #Onward URL
30942	#media #credentials If you are POC and had a problem with @USER  please send DM me do not like this tweet
56973	#ALERT   A win for the Progressive Conservatives.   The Ontario Court of Appeal has granted a stay of #Bill5,  which is to cut the number of Toronto city councillors from 47 to 25.
24049	#SierraBurgessIsALoser  She is me when my phone dings üòÇ
79204	@USER #metoo are all racist!
46229	#GOP still acting like the wimps they are.. What!? they haven‚Äôt yet realized that Liberals will hate them regardless of their sentiments.. Either Republicans are just too stupid to get out of their own way or they‚Äôre just tilted to far left.. #ConfirmKavanaughNow
93101	#SerenaWilliams is NOT the first mother to be on the women's tour.  She is embarrassingly entitled and a bully.  Yes, that is Kim Clijsters winning a Major a year after having a baby.   @USER @USER @USER URL
42196	"#TheArchers I want to be brilliant at Karate so I can kick the shit out of everyone"""""
38084	5. FED Agency - Hijaked with info on FED Agency by extremist group secretly funded - Antifa,BLM,Soros,CIA
67973	#BaldwinFundraises at K Street Firm Working Pro-Bono for Gun Control Lobby #law #TammyBaldwin #fundraiser... URL URL